-- MySQL dump 10.13  Distrib 5.7.25, for Linux (x86_64)
--
-- Host: localhost    Database: agenda
-- ------------------------------------------------------
-- Server version	5.7.25-0ubuntu0.16.04.2

/*!40101 SET @OLD_CHARACTER_SET_CLIENT=@@CHARACTER_SET_CLIENT */;
/*!40101 SET @OLD_CHARACTER_SET_RESULTS=@@CHARACTER_SET_RESULTS */;
/*!40101 SET @OLD_COLLATION_CONNECTION=@@COLLATION_CONNECTION */;
/*!40101 SET NAMES utf8 */;
/*!40103 SET @OLD_TIME_ZONE=@@TIME_ZONE */;
/*!40103 SET TIME_ZONE='+00:00' */;
/*!40014 SET @OLD_UNIQUE_CHECKS=@@UNIQUE_CHECKS, UNIQUE_CHECKS=0 */;
/*!40014 SET @OLD_FOREIGN_KEY_CHECKS=@@FOREIGN_KEY_CHECKS, FOREIGN_KEY_CHECKS=0 */;
/*!40101 SET @OLD_SQL_MODE=@@SQL_MODE, SQL_MODE='NO_AUTO_VALUE_ON_ZERO' */;
/*!40111 SET @OLD_SQL_NOTES=@@SQL_NOTES, SQL_NOTES=0 */;

--
-- Table structure for table `contacts`
--

DROP TABLE IF EXISTS `contacts`;
/*!40101 SET @saved_cs_client     = @@character_set_client */;
/*!40101 SET character_set_client = utf8 */;
CREATE TABLE `contacts` (
  `id` bigint(20) unsigned NOT NULL AUTO_INCREMENT,
  `user_id` bigint(20) unsigned NOT NULL,
  `name` varchar(100) COLLATE utf8mb4_unicode_ci NOT NULL,
  `email` varchar(50) COLLATE utf8mb4_unicode_ci NOT NULL,
  `birthday` date NOT NULL,
  `created_at` timestamp NULL DEFAULT NULL,
  `updated_at` timestamp NULL DEFAULT NULL,
  `image` varchar(255) COLLATE utf8mb4_unicode_ci DEFAULT NULL,
  PRIMARY KEY (`id`),
  KEY `contacts_user_id_foreign` (`user_id`),
  CONSTRAINT `contacts_user_id_foreign` FOREIGN KEY (`user_id`) REFERENCES `users` (`id`) ON DELETE CASCADE
) ENGINE=InnoDB AUTO_INCREMENT=56 DEFAULT CHARSET=utf8mb4 COLLATE=utf8mb4_unicode_ci;
/*!40101 SET character_set_client = @saved_cs_client */;

--
-- Dumping data for table `contacts`
--

LOCK TABLES `contacts` WRITE;
/*!40000 ALTER TABLE `contacts` DISABLE KEYS */;
INSERT INTO `contacts` VALUES (1,12,'Korbin Kuhlman','zcummings@hotmail.com','1962-07-18','2019-09-08 00:23:28','2019-09-08 00:23:28',NULL),(2,13,'Vince Towne','wreichert@schumm.com','1973-11-26','2019-09-08 00:23:28','2019-09-08 00:23:28',NULL),(3,14,'Aniya Marvin','uconsidine@kub.biz','1935-07-01','2019-09-08 00:23:28','2019-09-08 00:23:28',NULL),(4,15,'Gardner Price','russel.ethyl@mcglynn.net','1932-07-18','2019-09-08 00:23:28','2019-09-08 00:23:28',NULL),(5,16,'Margret Simonis MD','bharber@bradtke.org','1938-10-16','2019-09-08 00:23:28','2019-09-08 00:23:28',NULL),(6,17,'Nigel Boyer II','floyd.kuvalis@yahoo.com','1950-05-19','2019-09-08 00:23:28','2019-09-08 00:23:28',NULL),(7,18,'Collin Franecki','xdubuque@barrows.biz','1996-09-06','2019-09-08 00:23:28','2019-09-08 00:23:28',NULL),(8,19,'Esta Lebsack Jr.','tparker@gmail.com','1996-05-05','2019-09-08 00:23:28','2019-09-08 00:23:28',NULL),(9,20,'Augustus Parker I','tiara.watsica@spinka.net','1969-06-25','2019-09-08 00:23:28','2019-09-08 00:23:28',NULL),(10,21,'Amalia Fadel','leuschke.nathen@zboncak.com','1981-04-05','2019-09-08 00:23:28','2019-09-08 00:23:28',NULL),(11,22,'Rick Sporer','hickle.isidro@gmail.com','1991-08-20','2019-09-08 00:23:44','2019-09-08 00:23:44',NULL),(12,23,'Reymundo Hodkiewicz','orodriguez@gmail.com','1940-08-06','2019-09-08 00:23:44','2019-09-08 00:23:44',NULL),(13,24,'Elenor Dach','stefanie.lang@hagenes.com','1938-04-27','2019-09-08 00:23:44','2019-09-08 00:23:44',NULL),(14,25,'Vallie McDermott','fwisoky@yahoo.com','1935-06-09','2019-09-08 00:23:44','2019-09-08 00:23:44',NULL),(15,26,'Karen Cummings','bridgette80@yahoo.com','1961-09-28','2019-09-08 00:23:44','2019-09-08 00:23:44',NULL),(16,27,'Prof. Garnett Douglas','clemmie81@koepp.com','1971-07-02','2019-09-08 00:23:44','2019-09-08 00:23:44',NULL),(17,28,'Mrs. Alexandrine Schimmel III','solon66@gmail.com','1924-04-06','2019-09-08 00:23:44','2019-09-08 00:23:44',NULL),(18,29,'Norma Lubowitz','okon.erna@little.biz','2012-11-09','2019-09-08 00:23:44','2019-09-08 00:23:44',NULL),(19,30,'Prof. Alexane Muller','christop.macejkovic@lehner.net','1922-04-01','2019-09-08 00:23:44','2019-09-08 00:23:44',NULL),(20,31,'Chyna Murazik','wilhelm.mueller@damore.com','1984-10-07','2019-09-08 00:23:44','2019-09-08 00:23:44',NULL),(21,32,'Edgar Anderson III','lpfannerstill@yahoo.com','1980-09-21','2019-09-08 00:24:12','2019-09-08 00:24:12',NULL),(22,33,'Gretchen Waters','strosin.cleo@little.com','1939-09-14','2019-09-08 00:24:12','2019-09-08 00:24:12',NULL),(23,34,'Jeramie Tillman','jailyn.heidenreich@hotmail.com','1949-12-07','2019-09-08 00:24:12','2019-09-08 00:24:12',NULL),(24,35,'Eloisa Johns III','kessler.ona@brakus.com','1985-10-05','2019-09-08 00:24:12','2019-09-08 00:24:12',NULL),(25,36,'Monserrat Crona','ollie91@gmail.com','1945-11-09','2019-09-08 00:24:12','2019-09-08 00:24:12',NULL),(26,37,'Jett Boyle','rafael.beer@yahoo.com','1975-03-31','2019-09-08 00:24:12','2019-09-08 00:24:12',NULL),(27,38,'Carolyn Brown I','msipes@west.com','1958-08-14','2019-09-08 00:24:12','2019-09-08 00:24:12',NULL),(28,39,'Hallie Collins','qpadberg@trantow.org','1923-05-05','2019-09-08 00:24:12','2019-09-08 00:24:12',NULL),(29,40,'Maurice Abshire','emard.ashton@crooks.biz','1942-01-02','2019-09-08 00:24:12','2019-09-08 00:24:12',NULL),(30,41,'Janae Kozey III','bernhard.bartoletti@mcdermott.biz','1938-07-14','2019-09-08 00:24:12','2019-09-08 00:24:12',NULL),(31,42,'Ahmed Metz','balistreri.arch@bechtelar.com','1935-06-17','2019-09-08 00:24:21','2019-09-08 00:24:21',NULL),(32,43,'Eliezer Haag DVM','schmidt.grayson@yahoo.com','1999-03-19','2019-09-08 00:24:21','2019-09-08 00:24:21',NULL),(33,44,'Thurman Mohr','noble60@hotmail.com','2019-01-14','2019-09-08 00:24:21','2019-09-08 00:24:21',NULL),(34,45,'Chadrick Ledner','hammes.terrence@mertz.com','2009-07-06','2019-09-08 00:24:21','2019-09-08 00:24:21',NULL),(35,46,'Colby Beatty Sr.','dkub@bins.com','1952-06-08','2019-09-08 00:24:21','2019-09-08 00:24:21',NULL),(36,47,'Furman Wintheiser','nader.nicholaus@gmail.com','1934-08-03','2019-09-08 00:24:21','2019-09-08 00:24:21',NULL),(37,48,'Keyshawn Wolf','wilkinson.noble@conn.com','1926-03-21','2019-09-08 00:24:21','2019-09-08 00:24:21',NULL),(38,49,'Prof. Julian Rutherford III','gwalker@yahoo.com','1952-07-08','2019-09-08 00:24:21','2019-09-08 00:24:21',NULL),(39,50,'Ansel Kohler','damaris92@yahoo.com','1986-06-06','2019-09-08 00:24:21','2019-09-08 00:24:21',NULL),(40,51,'Geo Kub','plynch@gmail.com','1995-01-22','2019-09-08 00:24:21','2019-09-08 00:24:21',NULL),(41,52,'Ben Reichert','berta.larkin@gmail.com','1997-03-21','2019-09-08 00:24:47','2019-09-08 00:24:47',NULL),(42,53,'Iva Homenick','chris90@abernathy.com','2001-02-20','2019-09-08 00:24:47','2019-09-08 00:24:47',NULL),(43,54,'Miss Kristina Heaney Sr.','jeanie.stark@yahoo.com','1939-04-02','2019-09-08 00:24:47','2019-09-08 00:24:47',NULL),(44,55,'Vernon Feest V','qdouglas@gmail.com','1928-12-06','2019-09-08 00:24:47','2019-09-08 00:24:47',NULL),(45,56,'Cecil McKenzie','ismael.wisozk@mayer.com','1967-10-30','2019-09-08 00:24:47','2019-09-08 00:24:47',NULL),(46,57,'Domenick Wisoky I','jovan73@auer.biz','1941-06-30','2019-09-08 00:24:47','2019-09-08 00:24:47',NULL),(47,58,'Josiah White','rempel.ian@beer.net','1927-07-07','2019-09-08 00:24:47','2019-09-08 00:24:47',NULL),(48,59,'Rene Bergstrom','kunze.judson@hotmail.com','1945-05-09','2019-09-08 00:24:48','2019-09-08 00:24:48',NULL),(49,60,'Prof. Edd Hagenes','sjacobson@gmail.com','1941-08-25','2019-09-08 00:24:48','2019-09-08 00:24:48',NULL),(50,61,'Gonzalo Corkery','qferry@zieme.info','1961-10-01','2019-09-08 00:24:48','2019-09-08 00:24:48',NULL),(51,1,'sdsd','carla@gmail.com','2016-10-10',NULL,NULL,NULL),(52,1,'tete','tete@gmail.om','2016-10-10','2019-09-29 00:03:20','2019-09-29 00:03:20',NULL),(53,1,'tete','tete@gmail.om','2016-10-10','2019-09-29 00:09:39','2019-09-29 00:09:39',NULL),(54,1,'tete','tete@gmail.om','2016-10-10','2019-09-29 00:10:03','2019-09-29 00:10:03',NULL),(55,1,'pepe','grillo@gmal.com','1980-10-10','2019-10-05 22:51:07','2019-10-05 22:51:07','1570301467_LogoW.png');
/*!40000 ALTER TABLE `contacts` ENABLE KEYS */;
UNLOCK TABLES;

--
-- Table structure for table `migrations`
--

DROP TABLE IF EXISTS `migrations`;
/*!40101 SET @saved_cs_client     = @@character_set_client */;
/*!40101 SET character_set_client = utf8 */;
CREATE TABLE `migrations` (
  `id` int(10) unsigned NOT NULL AUTO_INCREMENT,
  `migration` varchar(255) COLLATE utf8mb4_unicode_ci NOT NULL,
  `batch` int(11) NOT NULL,
  PRIMARY KEY (`id`)
) ENGINE=InnoDB AUTO_INCREMENT=20 DEFAULT CHARSET=utf8mb4 COLLATE=utf8mb4_unicode_ci;
/*!40101 SET character_set_client = @saved_cs_client */;

--
-- Dumping data for table `migrations`
--

LOCK TABLES `migrations` WRITE;
/*!40000 ALTER TABLE `migrations` DISABLE KEYS */;
INSERT INTO `migrations` VALUES (13,'2014_10_12_000000_create_users_table',1),(17,'2014_10_12_100000_create_password_resets_table',2),(18,'2019_09_07_183612_create_contacts_table',2),(19,'2019_09_07_190406_add_image_contacts_table',2);
/*!40000 ALTER TABLE `migrations` ENABLE KEYS */;
UNLOCK TABLES;

--
-- Table structure for table `password_resets`
--

DROP TABLE IF EXISTS `password_resets`;
/*!40101 SET @saved_cs_client     = @@character_set_client */;
/*!40101 SET character_set_client = utf8 */;
CREATE TABLE `password_resets` (
  `email` varchar(255) COLLATE utf8mb4_unicode_ci NOT NULL,
  `token` varchar(255) COLLATE utf8mb4_unicode_ci NOT NULL,
  `created_at` timestamp NULL DEFAULT NULL,
  KEY `password_resets_email_index` (`email`)
) ENGINE=InnoDB DEFAULT CHARSET=utf8mb4 COLLATE=utf8mb4_unicode_ci;
/*!40101 SET character_set_client = @saved_cs_client */;

--
-- Dumping data for table `password_resets`
--

LOCK TABLES `password_resets` WRITE;
/*!40000 ALTER TABLE `password_resets` DISABLE KEYS */;
/*!40000 ALTER TABLE `password_resets` ENABLE KEYS */;
UNLOCK TABLES;

--
-- Table structure for table `users`
--

DROP TABLE IF EXISTS `users`;
/*!40101 SET @saved_cs_client     = @@character_set_client */;
/*!40101 SET character_set_client = utf8 */;
CREATE TABLE `users` (
  `id` bigint(20) unsigned NOT NULL AUTO_INCREMENT,
  `name` varchar(255) COLLATE utf8mb4_unicode_ci NOT NULL,
  `email` varchar(255) COLLATE utf8mb4_unicode_ci NOT NULL,
  `email_verified_at` timestamp NULL DEFAULT NULL,
  `password` varchar(255) COLLATE utf8mb4_unicode_ci NOT NULL,
  `birthday` date DEFAULT NULL,
  `remember_token` varchar(100) COLLATE utf8mb4_unicode_ci DEFAULT NULL,
  `created_at` timestamp NULL DEFAULT NULL,
  `updated_at` timestamp NULL DEFAULT NULL,
  PRIMARY KEY (`id`),
  UNIQUE KEY `users_email_unique` (`email`)
) ENGINE=InnoDB AUTO_INCREMENT=72 DEFAULT CHARSET=utf8mb4 COLLATE=utf8mb4_unicode_ci;
/*!40101 SET character_set_client = @saved_cs_client */;

--
-- Dumping data for table `users`
--

LOCK TABLES `users` WRITE;
/*!40000 ALTER TABLE `users` DISABLE KEYS */;
INSERT INTO `users` VALUES (1,'carla','carla@gmail.com',NULL,'$2y$10$ZqiPchugflIK7bZnkVMrcu1FiZi/.V2MC9IlGReLwEJEQiuY7M0/G','1988-07-05',NULL,'2019-09-07 23:53:16','2019-09-07 23:53:16'),(2,'Miguel Koss','dschiller@example.com','2019-09-08 00:23:05','$2y$10$ZqiPchugflIK7bZnkVMrcu1FiZi/.V2MC9IlGReLwEJEQiuY7M0/G',NULL,'JJwlwiDbFZ','2019-09-08 00:23:05','2019-09-08 00:23:05'),(3,'Ariane Welch','alockman@example.net','2019-09-08 00:23:05','$2y$10$ZqiPchugflIK7bZnkVMrcu1FiZi/.V2MC9IlGReLwEJEQiuY7M0/G',NULL,'MqW75y78lj','2019-09-08 00:23:05','2019-09-08 00:23:05'),(4,'Kasey Gerlach','jmurray@example.net','2019-09-08 00:23:06','$2y$10$ZqiPchugflIK7bZnkVMrcu1FiZi/.V2MC9IlGReLwEJEQiuY7M0/G',NULL,'qP6hoHn0uV','2019-09-08 00:23:06','2019-09-08 00:23:06'),(5,'Jarrett O\'Hara IV','lilla.kassulke@example.net','2019-09-08 00:23:06','$2y$10$ZqiPchugflIK7bZnkVMrcu1FiZi/.V2MC9IlGReLwEJEQiuY7M0/G',NULL,'A4GME2HXpm','2019-09-08 00:23:06','2019-09-08 00:23:06'),(6,'Prof. Georgiana Greenholt PhD','lavada.leannon@example.org','2019-09-08 00:23:06','$2y$10$ZqiPchugflIK7bZnkVMrcu1FiZi/.V2MC9IlGReLwEJEQiuY7M0/G',NULL,'dbcATjCD5e','2019-09-08 00:23:06','2019-09-08 00:23:06'),(7,'Thomas Johnson','terence01@example.net','2019-09-08 00:23:06','$2y$10$ZqiPchugflIK7bZnkVMrcu1FiZi/.V2MC9IlGReLwEJEQiuY7M0/G',NULL,'aFSkPdI4x0','2019-09-08 00:23:06','2019-09-08 00:23:06'),(8,'Orville Keeling','nleannon@example.com','2019-09-08 00:23:06','$2y$10$ZqiPchugflIK7bZnkVMrcu1FiZi/.V2MC9IlGReLwEJEQiuY7M0/G',NULL,'4G5MfK68jp','2019-09-08 00:23:06','2019-09-08 00:23:06'),(9,'Donnie Robel','jace68@example.com','2019-09-08 00:23:06','$2y$10$ZqiPchugflIK7bZnkVMrcu1FiZi/.V2MC9IlGReLwEJEQiuY7M0/G',NULL,'rE3L5NHOdR','2019-09-08 00:23:06','2019-09-08 00:23:06'),(10,'Leora Marvin','hartmann.coralie@example.net','2019-09-08 00:23:06','$2y$10$ZqiPchugflIK7bZnkVMrcu1FiZi/.V2MC9IlGReLwEJEQiuY7M0/G',NULL,'oHPwqrx9d6','2019-09-08 00:23:06','2019-09-08 00:23:06'),(11,'Liliane Wilkinson','uframi@example.net','2019-09-08 00:23:06','$2y$10$ZqiPchugflIK7bZnkVMrcu1FiZi/.V2MC9IlGReLwEJEQiuY7M0/G',NULL,'KAJx6Yeype','2019-09-08 00:23:06','2019-09-08 00:23:06'),(12,'Prof. Ethan King MD','cletus.mccullough@example.com','2019-09-08 00:23:27','$2y$10$ZqiPchugflIK7bZnkVMrcu1FiZi/.V2MC9IlGReLwEJEQiuY7M0/G',NULL,'RQtwGeVrte','2019-09-08 00:23:27','2019-09-08 00:23:27'),(13,'Miss Wilhelmine Murazik DDS','block.roma@example.com','2019-09-08 00:23:27','$2y$10$ZqiPchugflIK7bZnkVMrcu1FiZi/.V2MC9IlGReLwEJEQiuY7M0/G',NULL,'kW8M3oIf8U','2019-09-08 00:23:27','2019-09-08 00:23:27'),(14,'Giovanny Hessel','prosacco.everette@example.org','2019-09-08 00:23:27','$2y$10$ZqiPchugflIK7bZnkVMrcu1FiZi/.V2MC9IlGReLwEJEQiuY7M0/G',NULL,'zNsps4p0rC','2019-09-08 00:23:27','2019-09-08 00:23:27'),(15,'Raphael Johnston','moen.georgette@example.com','2019-09-08 00:23:27','$2y$10$ZqiPchugflIK7bZnkVMrcu1FiZi/.V2MC9IlGReLwEJEQiuY7M0/G',NULL,'QSRUVtX5TE','2019-09-08 00:23:27','2019-09-08 00:23:27'),(16,'Dixie Hackett','ruecker.joshuah@example.com','2019-09-08 00:23:28','$2y$10$ZqiPchugflIK7bZnkVMrcu1FiZi/.V2MC9IlGReLwEJEQiuY7M0/G',NULL,'5FLyZxXQUk','2019-09-08 00:23:28','2019-09-08 00:23:28'),(17,'Prof. Willis Gottlieb','wwalsh@example.org','2019-09-08 00:23:28','$2y$10$ZqiPchugflIK7bZnkVMrcu1FiZi/.V2MC9IlGReLwEJEQiuY7M0/G',NULL,'U6P3noEyvg','2019-09-08 00:23:28','2019-09-08 00:23:28'),(18,'Mrs. Malvina Farrell','kkulas@example.org','2019-09-08 00:23:28','$2y$10$ZqiPchugflIK7bZnkVMrcu1FiZi/.V2MC9IlGReLwEJEQiuY7M0/G',NULL,'SQPVAa9VuA','2019-09-08 00:23:28','2019-09-08 00:23:28'),(19,'Roxanne Rowe','bweimann@example.net','2019-09-08 00:23:28','$2y$10$ZqiPchugflIK7bZnkVMrcu1FiZi/.V2MC9IlGReLwEJEQiuY7M0/G',NULL,'ifvAEJWftX','2019-09-08 00:23:28','2019-09-08 00:23:28'),(20,'Mr. Tyreek Crist I','willie.hermann@example.com','2019-09-08 00:23:28','$2y$10$ZqiPchugflIK7bZnkVMrcu1FiZi/.V2MC9IlGReLwEJEQiuY7M0/G',NULL,'ANbxtdcN31','2019-09-08 00:23:28','2019-09-08 00:23:28'),(21,'Benton Frami MD','donnie42@example.com','2019-09-08 00:23:28','$2y$10$ZqiPchugflIK7bZnkVMrcu1FiZi/.V2MC9IlGReLwEJEQiuY7M0/G',NULL,'FLMH2jxhzQ','2019-09-08 00:23:28','2019-09-08 00:23:28'),(22,'Aisha Padberg I','dnitzsche@example.net','2019-09-08 00:23:43','$2y$10$ZqiPchugflIK7bZnkVMrcu1FiZi/.V2MC9IlGReLwEJEQiuY7M0/G',NULL,'fE7ECx7v5e','2019-09-08 00:23:43','2019-09-08 00:23:43'),(23,'Gabe Gerlach','stanton.frederic@example.net','2019-09-08 00:23:43','$2y$10$ZqiPchugflIK7bZnkVMrcu1FiZi/.V2MC9IlGReLwEJEQiuY7M0/G',NULL,'DU1tKJK5Vw','2019-09-08 00:23:43','2019-09-08 00:23:43'),(24,'Prof. Prudence Barrows MD','xblock@example.net','2019-09-08 00:23:43','$2y$10$ZqiPchugflIK7bZnkVMrcu1FiZi/.V2MC9IlGReLwEJEQiuY7M0/G',NULL,'zEtgqmPlbO','2019-09-08 00:23:43','2019-09-08 00:23:43'),(25,'Rowan Paucek','bharvey@example.net','2019-09-08 00:23:43','$2y$10$ZqiPchugflIK7bZnkVMrcu1FiZi/.V2MC9IlGReLwEJEQiuY7M0/G',NULL,'UEixt1ox5t','2019-09-08 00:23:43','2019-09-08 00:23:43'),(26,'Prof. Tyshawn Schinner','mkertzmann@example.net','2019-09-08 00:23:43','$2y$10$ZqiPchugflIK7bZnkVMrcu1FiZi/.V2MC9IlGReLwEJEQiuY7M0/G',NULL,'WEeb973F3S','2019-09-08 00:23:43','2019-09-08 00:23:43'),(27,'Randy Watsica Jr.','eldora65@example.org','2019-09-08 00:23:44','$2y$10$ZqiPchugflIK7bZnkVMrcu1FiZi/.V2MC9IlGReLwEJEQiuY7M0/G',NULL,'JDcNmlicWk','2019-09-08 00:23:44','2019-09-08 00:23:44'),(28,'Jakayla Larkin','klocko.herminio@example.com','2019-09-08 00:23:44','$2y$10$ZqiPchugflIK7bZnkVMrcu1FiZi/.V2MC9IlGReLwEJEQiuY7M0/G',NULL,'LXCetlKFMF','2019-09-08 00:23:44','2019-09-08 00:23:44'),(29,'Ms. Aylin Gerlach','clemens53@example.org','2019-09-08 00:23:44','$2y$10$ZqiPchugflIK7bZnkVMrcu1FiZi/.V2MC9IlGReLwEJEQiuY7M0/G',NULL,'fZQaalFXtJ','2019-09-08 00:23:44','2019-09-08 00:23:44'),(30,'Nick Howe','brannon.moen@example.com','2019-09-08 00:23:44','$2y$10$ZqiPchugflIK7bZnkVMrcu1FiZi/.V2MC9IlGReLwEJEQiuY7M0/G',NULL,'O2WNonYb8f','2019-09-08 00:23:44','2019-09-08 00:23:44'),(31,'Mohammed Larkin MD','eldon21@example.org','2019-09-08 00:23:44','$2y$10$ZqiPchugflIK7bZnkVMrcu1FiZi/.V2MC9IlGReLwEJEQiuY7M0/G',NULL,'BlWAGu35tA','2019-09-08 00:23:44','2019-09-08 00:23:44'),(32,'Jacques Hudson','schmitt.haven@example.com','2019-09-08 00:24:11','$2y$10$ZqiPchugflIK7bZnkVMrcu1FiZi/.V2MC9IlGReLwEJEQiuY7M0/G',NULL,'whNwt28U4B','2019-09-08 00:24:11','2019-09-08 00:24:11'),(33,'Golden Borer','lgreen@example.org','2019-09-08 00:24:11','$2y$10$ZqiPchugflIK7bZnkVMrcu1FiZi/.V2MC9IlGReLwEJEQiuY7M0/G',NULL,'jAN36cq7gW','2019-09-08 00:24:11','2019-09-08 00:24:11'),(34,'Dr. Sammie Abernathy','feest.veronica@example.com','2019-09-08 00:24:11','$2y$10$ZqiPchugflIK7bZnkVMrcu1FiZi/.V2MC9IlGReLwEJEQiuY7M0/G',NULL,'wqlyv715Au','2019-09-08 00:24:11','2019-09-08 00:24:11'),(35,'Donna Halvorson','sofia47@example.com','2019-09-08 00:24:11','$2y$10$ZqiPchugflIK7bZnkVMrcu1FiZi/.V2MC9IlGReLwEJEQiuY7M0/G',NULL,'luTqLmD4x0','2019-09-08 00:24:11','2019-09-08 00:24:11'),(36,'Ms. Mazie Jakubowski Sr.','freida46@example.com','2019-09-08 00:24:11','$2y$10$ZqiPchugflIK7bZnkVMrcu1FiZi/.V2MC9IlGReLwEJEQiuY7M0/G',NULL,'bjotoCSLt4','2019-09-08 00:24:11','2019-09-08 00:24:11'),(37,'Mr. Rafael Quigley II','vjacobson@example.com','2019-09-08 00:24:11','$2y$10$ZqiPchugflIK7bZnkVMrcu1FiZi/.V2MC9IlGReLwEJEQiuY7M0/G',NULL,'LiSD8FAva2','2019-09-08 00:24:11','2019-09-08 00:24:11'),(38,'Colin Considine','darrel.yundt@example.com','2019-09-08 00:24:12','$2y$10$ZqiPchugflIK7bZnkVMrcu1FiZi/.V2MC9IlGReLwEJEQiuY7M0/G',NULL,'ZItpM7zyGG','2019-09-08 00:24:12','2019-09-08 00:24:12'),(39,'Prof. Ramiro Towne IV','gutmann.sigmund@example.net','2019-09-08 00:24:12','$2y$10$ZqiPchugflIK7bZnkVMrcu1FiZi/.V2MC9IlGReLwEJEQiuY7M0/G',NULL,'uU177AhYtE','2019-09-08 00:24:12','2019-09-08 00:24:12'),(40,'Mrs. Lurline Tillman','belle87@example.com','2019-09-08 00:24:12','$2y$10$ZqiPchugflIK7bZnkVMrcu1FiZi/.V2MC9IlGReLwEJEQiuY7M0/G',NULL,'FVojnmCJ0Y','2019-09-08 00:24:12','2019-09-08 00:24:12'),(41,'Nedra Crona III','qrussel@example.org','2019-09-08 00:24:12','$2y$10$ZqiPchugflIK7bZnkVMrcu1FiZi/.V2MC9IlGReLwEJEQiuY7M0/G',NULL,'hcgzC3ANWJ','2019-09-08 00:24:12','2019-09-08 00:24:12'),(42,'Dudley Morissette','jarrett.hudson@example.org','2019-09-08 00:24:20','$2y$10$ZqiPchugflIK7bZnkVMrcu1FiZi/.V2MC9IlGReLwEJEQiuY7M0/G',NULL,'IJFLNRqEhC','2019-09-08 00:24:20','2019-09-08 00:24:20'),(43,'Hellen Hayes','taryn.krajcik@example.org','2019-09-08 00:24:20','$2y$10$ZqiPchugflIK7bZnkVMrcu1FiZi/.V2MC9IlGReLwEJEQiuY7M0/G',NULL,'IbvlmXDJdS','2019-09-08 00:24:20','2019-09-08 00:24:20'),(44,'Demetrius Schneider','miller.arden@example.org','2019-09-08 00:24:20','$2y$10$ZqiPchugflIK7bZnkVMrcu1FiZi/.V2MC9IlGReLwEJEQiuY7M0/G',NULL,'jJJfeS6HBv','2019-09-08 00:24:20','2019-09-08 00:24:20'),(45,'Morgan Schaden','amina70@example.com','2019-09-08 00:24:20','$2y$10$ZqiPchugflIK7bZnkVMrcu1FiZi/.V2MC9IlGReLwEJEQiuY7M0/G',NULL,'wVdokZTyPj','2019-09-08 00:24:20','2019-09-08 00:24:20'),(46,'Hubert Hahn','herta.donnelly@example.net','2019-09-08 00:24:20','$2y$10$ZqiPchugflIK7bZnkVMrcu1FiZi/.V2MC9IlGReLwEJEQiuY7M0/G',NULL,'3ib8X2kinG','2019-09-08 00:24:20','2019-09-08 00:24:20'),(47,'Miss Faye Gibson Sr.','vwitting@example.com','2019-09-08 00:24:20','$2y$10$ZqiPchugflIK7bZnkVMrcu1FiZi/.V2MC9IlGReLwEJEQiuY7M0/G',NULL,'ctqn7NikIb','2019-09-08 00:24:20','2019-09-08 00:24:20'),(48,'Prof. Mallory Satterfield IV','velva62@example.com','2019-09-08 00:24:21','$2y$10$ZqiPchugflIK7bZnkVMrcu1FiZi/.V2MC9IlGReLwEJEQiuY7M0/G',NULL,'8sbsSPrb19','2019-09-08 00:24:21','2019-09-08 00:24:21'),(49,'Rosalee Rodriguez','beahan.jennings@example.org','2019-09-08 00:24:21','$2y$10$ZqiPchugflIK7bZnkVMrcu1FiZi/.V2MC9IlGReLwEJEQiuY7M0/G',NULL,'IABiG8DO3U','2019-09-08 00:24:21','2019-09-08 00:24:21'),(50,'Dr. Reilly Reinger','barton.muriel@example.com','2019-09-08 00:24:21','$2y$10$ZqiPchugflIK7bZnkVMrcu1FiZi/.V2MC9IlGReLwEJEQiuY7M0/G',NULL,'wgQtg9bn7w','2019-09-08 00:24:21','2019-09-08 00:24:21'),(51,'Patricia Kunze','emely77@example.org','2019-09-08 00:24:21','$2y$10$ZqiPchugflIK7bZnkVMrcu1FiZi/.V2MC9IlGReLwEJEQiuY7M0/G',NULL,'nGMqdi7yq7','2019-09-08 00:24:21','2019-09-08 00:24:21'),(52,'Mr. Korbin Green DDS','frieda.wyman@example.net','2019-09-08 00:24:47','$2y$10$ZqiPchugflIK7bZnkVMrcu1FiZi/.V2MC9IlGReLwEJEQiuY7M0/G',NULL,'g9dAxdFkCd','2019-09-08 00:24:47','2019-09-08 00:24:47'),(53,'Jewell Abbott','godfrey99@example.net','2019-09-08 00:24:47','$2y$10$ZqiPchugflIK7bZnkVMrcu1FiZi/.V2MC9IlGReLwEJEQiuY7M0/G',NULL,'yqJxiHRxAe','2019-09-08 00:24:47','2019-09-08 00:24:47'),(54,'Madalyn Lindgren','gschroeder@example.com','2019-09-08 00:24:47','$2y$10$ZqiPchugflIK7bZnkVMrcu1FiZi/.V2MC9IlGReLwEJEQiuY7M0/G',NULL,'NjCBWYPrHI','2019-09-08 00:24:47','2019-09-08 00:24:47'),(55,'Prof. Rebecca Kuhlman DVM','kelli.kautzer@example.net','2019-09-08 00:24:47','$2y$10$ZqiPchugflIK7bZnkVMrcu1FiZi/.V2MC9IlGReLwEJEQiuY7M0/G',NULL,'dtGWp9ECKT','2019-09-08 00:24:47','2019-09-08 00:24:47'),(56,'Mozell Von','albertha.romaguera@example.net','2019-09-08 00:24:47','$2y$10$ZqiPchugflIK7bZnkVMrcu1FiZi/.V2MC9IlGReLwEJEQiuY7M0/G',NULL,'qLuuh3JTHF','2019-09-08 00:24:47','2019-09-08 00:24:47'),(57,'Ms. Missouri Heathcote','kuvalis.cecelia@example.net','2019-09-08 00:24:47','$2y$10$ZqiPchugflIK7bZnkVMrcu1FiZi/.V2MC9IlGReLwEJEQiuY7M0/G',NULL,'5UVDjeL4FB','2019-09-08 00:24:47','2019-09-08 00:24:47'),(58,'Giovanni Powlowski','chase14@example.com','2019-09-08 00:24:47','$2y$10$ZqiPchugflIK7bZnkVMrcu1FiZi/.V2MC9IlGReLwEJEQiuY7M0/G',NULL,'5pr5VWwuzy','2019-09-08 00:24:47','2019-09-08 00:24:47'),(59,'Hipolito Schuppe','renner.dashawn@example.com','2019-09-08 00:24:47','$2y$10$ZqiPchugflIK7bZnkVMrcu1FiZi/.V2MC9IlGReLwEJEQiuY7M0/G',NULL,'4lTp5GAWoW','2019-09-08 00:24:47','2019-09-08 00:24:47'),(60,'Mrs. Rosetta Erdman','neal.roob@example.net','2019-09-08 00:24:47','$2y$10$ZqiPchugflIK7bZnkVMrcu1FiZi/.V2MC9IlGReLwEJEQiuY7M0/G',NULL,'QGumboj3uC','2019-09-08 00:24:47','2019-09-08 00:24:47'),(61,'Brendan Dicki','darius99@example.net','2019-09-08 00:24:47','$2y$10$ZqiPchugflIK7bZnkVMrcu1FiZi/.V2MC9IlGReLwEJEQiuY7M0/G',NULL,'Pge8M4p6HO','2019-09-08 00:24:47','2019-09-08 00:24:47'),(62,'Frida Moen','schimmel.erika@example.com','2019-09-08 00:24:48','$2y$10$ZqiPchugflIK7bZnkVMrcu1FiZi/.V2MC9IlGReLwEJEQiuY7M0/G',NULL,'ibyJ6qoKiX','2019-09-08 00:24:48','2019-09-08 00:24:48'),(63,'Eldon Jacobi','dorian.gerhold@example.net','2019-09-08 00:24:48','$2y$10$ZqiPchugflIK7bZnkVMrcu1FiZi/.V2MC9IlGReLwEJEQiuY7M0/G',NULL,'ggkt89ow9i','2019-09-08 00:24:48','2019-09-08 00:24:48'),(64,'Missouri Stiedemann','jules.green@example.com','2019-09-08 00:24:48','$2y$10$ZqiPchugflIK7bZnkVMrcu1FiZi/.V2MC9IlGReLwEJEQiuY7M0/G',NULL,'5UjJVJuFY9','2019-09-08 00:24:48','2019-09-08 00:24:48'),(65,'Dr. Carolyne Maggio MD','fdubuque@example.com','2019-09-08 00:24:48','$2y$10$ZqiPchugflIK7bZnkVMrcu1FiZi/.V2MC9IlGReLwEJEQiuY7M0/G',NULL,'gfBu6JAadI','2019-09-08 00:24:48','2019-09-08 00:24:48'),(66,'Osbaldo O\'Connell MD','kristoffer.gutkowski@example.org','2019-09-08 00:24:48','$2y$10$ZqiPchugflIK7bZnkVMrcu1FiZi/.V2MC9IlGReLwEJEQiuY7M0/G',NULL,'nr67Syehpt','2019-09-08 00:24:48','2019-09-08 00:24:48'),(67,'Margot Block','omedhurst@example.net','2019-09-08 00:24:48','$2y$10$ZqiPchugflIK7bZnkVMrcu1FiZi/.V2MC9IlGReLwEJEQiuY7M0/G',NULL,'4mD6r3hPCT','2019-09-08 00:24:48','2019-09-08 00:24:48'),(68,'Cleora Auer DDS','myra.dietrich@example.net','2019-09-08 00:24:48','$2y$10$ZqiPchugflIK7bZnkVMrcu1FiZi/.V2MC9IlGReLwEJEQiuY7M0/G',NULL,'3ET9CafoTU','2019-09-08 00:24:48','2019-09-08 00:24:48'),(69,'Mr. Danial Vandervort','audreanne.brekke@example.net','2019-09-08 00:24:48','$2y$10$ZqiPchugflIK7bZnkVMrcu1FiZi/.V2MC9IlGReLwEJEQiuY7M0/G',NULL,'dgBXa8xz0i','2019-09-08 00:24:48','2019-09-08 00:24:48'),(70,'Gay Mann','ffarrell@example.org','2019-09-08 00:24:48','$2y$10$ZqiPchugflIK7bZnkVMrcu1FiZi/.V2MC9IlGReLwEJEQiuY7M0/G',NULL,'bZFmuMth9w','2019-09-08 00:24:48','2019-09-08 00:24:48'),(71,'Mrs. Tess Okuneva Jr.','janessa34@example.net','2019-09-08 00:24:48','$2y$10$ZqiPchugflIK7bZnkVMrcu1FiZi/.V2MC9IlGReLwEJEQiuY7M0/G',NULL,'Dr9Sx2ZL4t','2019-09-08 00:24:48','2019-09-08 00:24:48');
/*!40000 ALTER TABLE `users` ENABLE KEYS */;
UNLOCK TABLES;
/*!40103 SET TIME_ZONE=@OLD_TIME_ZONE */;

/*!40101 SET SQL_MODE=@OLD_SQL_MODE */;
/*!40014 SET FOREIGN_KEY_CHECKS=@OLD_FOREIGN_KEY_CHECKS */;
/*!40014 SET UNIQUE_CHECKS=@OLD_UNIQUE_CHECKS */;
/*!40101 SET CHARACTER_SET_CLIENT=@OLD_CHARACTER_SET_CLIENT */;
/*!40101 SET CHARACTER_SET_RESULTS=@OLD_CHARACTER_SET_RESULTS */;
/*!40101 SET COLLATION_CONNECTION=@OLD_COLLATION_CONNECTION */;
/*!40111 SET SQL_NOTES=@OLD_SQL_NOTES */;

-- Dump completed on 2019-10-05 15:15:48
